"origin","destination","distance_km","monthly_flights","monthly_passengers","category","top_airline","top_airline_share_pct","route_id"
"DEL","BOM",1148,1420,240000,"Major Trunk","6E",58.5,"DEL_BOM"
"DEL","BLR",1740,980,165000,"Major Trunk","6E",58.5,"DEL_BLR"
"BOM","BLR",842,890,150000,"Major Trunk","6E",58.5,"BOM_BLR"
"DEL","MAA",1760,640,110000,"Major Trunk","6E",58.5,"DEL_MAA"
"MAA","BOM",1030,580,98000,"Major Trunk","6E",58.5,"MAA_BOM"
"DEL","HYD",1260,620,105000,"Major Trunk","6E",58.5,"DEL_HYD"
"BOM","HYD",620,540,91000,"Major Trunk","6E",58.5,"BOM_HYD"
"BLR","HYD",500,590,95000,"Regional Hub","6E",58.5,"BLR_HYD"
"DEL","CCU",1305,590,96000,"Major Trunk","6E",58.5,"DEL_CCU"
"BOM","GOI",435,480,78000,"Leisure Trunk","6E",58.5,"BOM_GOI"
"BLR","MAA",290,520,84000,"Regional Corridor","6E",58.5,"BLR_MAA"
"MAA","CJB",420,310,48000,"Tamil Nadu Corridor","6E",58.5,"MAA_CJB"
"MAA","TRZ",320,210,31000,"Tamil Nadu Corridor","6E",58.5,"MAA_TRZ"
"MAA","IXM",410,240,36000,"Tamil Nadu Corridor","6E",58.5,"MAA_IXM"
"MAA","SXV",290,90,1200,"UDAN RCS","6E",58.5,"MAA_SXV"
"MAA","TCR",540,110,1500,"Tamil Nadu Corridor","6E",58.5,"MAA_TCR"
"DEL","ATQ",400,220,34000,"Regional","6E",58.5,"DEL_ATQ"
"DEL","SXR",645,380,59000,"Tourism","6E",58.5,"DEL_SXR"
"DEL","GAU",1460,410,64000,"Northeast Trunk","6E",58.5,"DEL_GAU"
"GAU","IXA",260,140,18000,"Northeast Regional","6E",58.5,"GAU_IXA"
"BLR","COK",370,420,67000,"Regional Corridor","6E",58.5,"BLR_COK"
"BOM","AMD",440,490,79000,"Business Corridor","6E",58.5,"BOM_AMD"
